0.10998144372590608,0.42268756757673287,-2.1134491499352148e-05
0.10953750000000007,0.42160756757673284,-9.796274736815836e-06
0.1095375,0.4126431776152339,-9.45608121840874e-06
0.1095375,0.40367878765373494,-9.111208836470257e-06
0.10953750000000004,0.3947143976922361,-8.764716586259682e-06
0.10953750000000001,0.38575000773073714,-8.416873018690744e-06
0.1095375,0.3767856177692382,-8.068809667949385e-06
0.1095375,0.36782122780773935,-7.722015247742622e-06
0.10953750000000008,0.3588568378462404,-7.378849235998939e-06
0.1095375,0.34989244788474144,-7.039289666223095e-06
0.1095375,0.3409280579232426,-6.7048027031506185e-06
0.10953750000000002,0.33196366796174365,-6.377201373911062e-06
0.10953750000000002,0.3229992780002447,-6.057416520742122e-06
0.1095375,0.31403488803874585,-5.745615565870079e-06
0.1095375,0.3050704980772469,-5.443118902706625e-06
0.1095375000000001,0.29610610811574795,-5.150881858915639e-06
0.1095375,0.2871417181542491,-4.8688983892998015e-06
0.1095375,0.27817732819275015,-4.597888228329665e-06
0.10953750000000001,0.2692129382312512,-4.338432635618334e-06
0.10953750000000004,0.26024854826975236,-4.090807143695823e-06
0.1095375,0.2512841583082534,-3.8547276388858425e-06
0.1095375,0.24231976834675445,-3.6308025942619114e-06
0.10953750000000008,0.2333553783852556,-3.418532744068479e-06
0.1095375,0.22439098842375665,-3.2181467907959626e-06
0.1095375,0.2154265984622577,-3.029430541541401e-06
0.1095375,0.20646220850075886,-2.8520637996336046e-06
0.10953750000000005,0.1974978185392599,-2.6860784636832946e-06
0.1095375000000001,0.18853342857776095,-2.530792239254136e-06
0.1095375000000001,0.1795690386162621,-2.3862848506210494e-06
0.10953750000000007,0.17060464865476316,-2.2519003956936656e-06
0.1095375,0.1616402586932642,-2.1273631149549293e-06
0.1095375000000001,0.15267586873176536,-2.0125206204460616e-06
0.1095375000000001,0.1437114787702664,-1.9067736141234134e-06
0.1095375000000001,0.13474708880876746,-1.8097324588080546e-06
0.1095375000000001,0.12578269884726861,-1.7210856440387337e-06
0.1095375,0.11681830888576966,-1.640577735811052e-06
0.10953750000000005,0.10785391892427071,-1.5678412245468213e-06
0.1095375000000001,0.09888952896277187,-1.5023037941460876e-06
0.1095375000000001,0.08992513900127291,-1.4440837806385878e-06
0.1095375000000001,0.08096074903977396,-1.3926958980658252e-06
0.1095375000000001,0.07199635907827512,-1.3477150223901433e-06
0.1095375000000001,0.06303196911677617,-1.3091253609211943e-06
0.1095375000000001,0.05406757915527721,-1.2766988089278974e-06
0.1095375000000001,0.04510318919377837,-1.2503138824181898e-06
0.1095375000000001,0.03613879923227942,-1.229530075289093e-06
0.1095375000000001,0.02717440927078052,-1.2144928106854694e-06
0.1095375000000001,0.018210019309281567,-1.2052077715941416e-06
0.1095375000000001,0.009245629347782669,-1.2012415307085866e-06
0.1095375000000001,0.00028123938628377143,-1.2028731309779983e-06
0.1095375000000001,-0.008683150575215182,-1.2100234929826638e-06
0.1095375000000001,-0.01764754053671408,-1.2227828039424977e-06
0.1095375000000001,-0.026611930498213032,-1.2409303160515554e-06
0.1095375000000001,-0.03557632045971193,-1.2648079929163297e-06
0.1095375000000001,-0.04454071042121083,-1.294696284690766e-06
0.1095375000000001,-0.05350510038270978,-1.3303443234154215e-06
0.1095375000000001,-0.06246949034420868,-1.372136986340342e-06
0.1095375000000001,-0.07143388030570758,-1.420390148466351e-06
0.1095375000000001,-0.08039827026720653,-1.4752906158800342e-06
0.1095375000000001,-0.08936266022870543,-1.5368827589761737e-06
0.1095375000000001,-0.09832705019020432,-1.6056600481255261e-06
0.1095375000000001,-0.10729144015170328,-1.6821695623827948e-06
0.1095375000000001,-0.11625583011320217,-1.7663252523214065e-06
0.1095375000000001,-0.12522022007470107,-1.8585709173744162e-06
0.1095375000000001,-0.13418461003620002,-1.959627481008289e-06
0.1095375000000001,-0.14314899999769892,-2.0697464688318853e-06
0.1095375000000001,-0.15211338995919782,-2.1892076394671196e-06
0.1095375000000001,-0.16107777992069677,-2.3186095022076388e-06
0.1095375000000001,-0.17004216988219567,-2.458363589890831e-06
0.1095375000000001,-0.17900655984369457,-2.608950029416788e-06
0.1095375000000001,-0.18797094980519352,-2.770488055726336e-06
0.1095375000000001,-0.19693533976669242,-2.943878177534049e-06
0.1095375000000001,-0.20589972972819132,-3.1293850140165033e-06
0.1095375000000001,-0.21486411968969024,-3.3273858098041457e-06
0.1095375000000001,-0.22382850965118917,-3.5384901760746003e-06
0.1095375000000001,-0.2327928996126881,-3.762573474405648e-06
0.1095375000000001,-0.24175728957418702,-4.000737468959029e-06
0.1095375000000001,-0.2507216795356859,-4.252418078437694e-06
0.1095375000000001,-0.25968606949718487,-4.5184237608677535e-06
0.1095375000000001,-0.26865045945868377,-4.799041406699513e-06
0.1095375000000001,-0.27761484942018266,-5.094339521579485e-06
0.1095375000000001,-0.2865792393816816,-5.404786449463996e-06
0.1095375000000001,-0.2955436293431805,-5.729665266546163e-06
0.1095375000000001,-0.3045080193046794,-6.069720255623487e-06
0.1095375000000001,-0.31347240926617836,-6.425150719946572e-06
0.1095375000000001,-0.32243679922767726,-6.795630984744103e-06
0.1095375000000001,-0.33140118918917616,-7.18117951244541e-06
0.1095375000000001,-0.3403655791506751,-7.582069842504703e-06
0.1095375000000001,-0.349329969112174,-7.99843712578874e-06
0.1095375000000001,-0.3582943590736729,-8.429381773554654e-06
0.1095375000000001,-0.36725874903517186,-8.874911439001424e-06
0.1095375000000001,-0.37622313899667076,-9.33704067863486e-06
0.1095375000000001,-0.38518752895816966,-9.813359505267646e-06
0.1095375000000001,-0.3941519189196686,-1.0303683079963081e-05
0.1095375000000001,-0.4031163088811675,-1.0808665861505472e-05
0.1095375000000001,-0.4120806988426664,-1.1328034666795929e-05
0.1095375000000001,-0.42104508880416536,-1.186082056651706e-05
0.1095375000000001,-0.43000947876566425,-1.240697112189185e-05
0.1095375000000001,-0.43897386872716315,-1.2968943182542305e-05
0.10991949835145691,-0.4400538687271631,-2.5481110395330364e-05
0.11431247939321026,-0.43997386872716315,-0.000169371033342393
0.15728729393210178,-0.43897386872716315,-0.0015769898447810491
0.15765511119987752,-0.43000947876566425,-0.0015151847628728711
0.15815572871648387,-0.42104508880416536,-0.0014572103935231269
0.15879432515515726,-0.4120806988426664,-0.001402812882569095
0.15956453025534284,-0.4031163088811675,-0.0013514234577270414
0.16046550932781584,-0.3941519189196686,-0.0013026704215479664
0.16150309355479442,-0.38518752895816966,-0.0012563629006566684
0.1626763670422994,-0.37622313899667076,-0.0012121435304499766
0.1639841076162673,-0.36725874903517186,-0.001169676683240013
0.1654369393287538,-0.3582943590736729,-0.001128887889963209
0.16703131679944572,-0.349329969112174,-0.0010894122337967258
0.16877359313570273,-0.3403655791506751,-0.0010510924039963472
0.17067028466648534,-0.33140118918917616,-0.0010137842543350673
0.17272148381508332,-0.32243679922767726,-0.0009772375399293002
0.1749396699425913,-0.31347240926617836,-0.0009414130329945282
0.17732251319992384,-0.3045080193046794,-0.0009060528145229898
0.17988334370633835,-0.2955436293431805,-0.000871138056867133
0.18262228044541665,-0.2865792393816816,-0.0008364806632370118
0.18554702037411772,-0.27761484942018266,-0.0008020023474185436
0.18866610083116372,-0.26865045945868377,-0.0007676501778794868
0.19197908592796345,-0.25968606949718487,-0.0007332874139747023
0.19549372379246932,-0.2507216795356859,-0.000698889198474569
0.1992168636717551,-0.24175728957418702,-0.0006644291781606321
0.20314667722534904,-0.2327928996126881,-0.000629842567695435
0.20728504526122696,-0.22382850965118917,-0.0005951278955226607
0.21163154598103143,-0.21486411968969024,-0.0005603021272622409
0.21618286368299838,-0.20589972972819132,-0.0005254060328451154
0.2209319831483173,-0.19693533976669242,-0.000490508432617079
0.22586742569750318,-0.18797094980519352,-0.00045571092983322025
0.2309724568478566,-0.17900655984369457,-0.00042115484710913666
0.2362274430322248,-0.17004216988219567,-0.0003870257529477358
0.24159930315266703,-0.16107777992069677,-0.00035353810099961045
0.24705067073527978,-0.15211338995919782,-0.00032094923911178875
0.25253437130997336,-0.14314899999769892,-0.00028954432922434985
0.25799330499850476,-0.13418461003620002,-0.00025961858874226656
0.26336298703788724,-0.12522022007470107,-0.00023146548222270283
0.26857182665699686,-0.11625583011320217,-0.00020534832956357657
0.2735436527097646,-0.10729144015170328,-0.0001814826971678306
0.2782016378607835,-0.09832705019020432,-0.00016001185724720827
0.2824723056349749,-0.08936266022870543,-0.00014100117290888496
0.28628819503182834,-0.08039827026720653,-0.000124435636278186
0.28959174319079,-0.07143388030570758,-0.00011022739051993568
0.29233570874290005,-0.06246949034420868,-9.82362352104241e-05
0.29448208718313146,-0.05350510038270978,-8.829609389113384e-05
0.2960000550344758,-0.04454071042121083,-8.024853494530962e-05
0.29686167871996055,-0.03557632045971193,-7.398891554638326e-05
0.2970347672187576,-0.026611930498213032,-6.959658682919231e-05
0.2979690505174242,-0.01764754053671408,-6.636273504506376e-05
0.2990584196371609,-0.008683150575215182,-6.436203416220328e-05
0.29947426165351726,0.00028123938628377143,-6.349649415617612e-05
0.2992289620378951,0.009245629347782669,-6.355981398796528e-05
0.2983182635699136,0.018210019309281567,-6.465477780806606e-05
0.29694008808848693,0.02717440927078052,-6.71940717122507e-05
0.29687724198001675,0.03613879923227942,-7.050888607056368e-05
0.2962061036795249,0.04510318919377837,-7.575636361027512e-05
0.29488319356764175,0.05406757915527721,-8.279453592071104e-05
0.29293465611981023,0.06303196911677617,-9.168927055769255e-05
0.2904022732107875,0.07199635907827512,-0.00010257128397546377
0.28732427162151514,0.08096074903977396,-0.00011560138193569646
0.2837466195467437,0.08992513900127291,-0.00013092159283167174
0.2797240338937136,0.09888952896277187,-0.00014863594532799602
0.27531921934561654,0.10785391892427071,-0.0001687821795204392
0.27060070400372843,0.11681830888576966,-0.00019133303427493184
0.2656379424689675,0.12578269884726861,-0.00021618230089614856
0.260503533008631,0.13474708880876746,-0.0002431572634917905
0.25526588673995443,0.1437114787702664,-0.0002720342816092869
0.2499855120100241,0.15267586873176536,-0.00030255649560869633
0.24471719587763185,0.1616402586932642,-0.00033445331927877726
0.2395072855099154,0.17060464865476316,-0.00036745758642863294
0.23439273143942302,0.1795690386162621,-0.00040131737024116644
0.2294060544543712,0.18853342857776095,-0.0004358133323003653
0.22457078282202986,0.1974978185392599,-0.00047075552254322034
0.2199039742513133,0.20646220850075886,-0.0005059851617498386
0.21541881918214104,0.2154265984622577,-0.0005413789082394848
0.21112424937224794,0.22439098842375665,-0.0005768417342918024
0.2070264293311663,0.2333553783852556,-0.0006123116537934832
0.20313266223337617,0.24231976834675445,-0.0006477719662729978
0.19943989287968344,0.2512841583082534,-0.0006831805490330661
0.1959466474125363,0.26024854826975236,-0.0007185245528479197
0.1926583337963047,0.2692129382312512,-0.0007538749015434786
0.18956840793120788,0.27817732819275015,-0.0007892252398546848
0.1866745863752222,0.2871417181542491,-0.0008246199321842812
0.1839774204201257,0.29610610811574795,-0.0008601555046282211
0.18147004366141464,0.3050704980772469,-0.0008958559761386956
0.17915155773885608,0.31403488803874585,-0.000931824233106351
0.1770199807189025,0.3229992780002447,-0.0009681676068048398
0.17506605174271245,0.33196366796174365,-0.0010048941716099622
0.17329775452522098,0.3409280579232426,-0.0010422803197823465
0.17170334223633235,0.34989244788474144,-0.001080304154728454
0.17027973362540685,0.3588568378462404,-0.001119080625859368
0.16903216683667768,0.36782122780773935,-0.0011588960153513248
0.16795336094012042,0.3767856177692382,-0.0011998069568321939
0.16703965844434732,0.38575000773073714,-0.0012419393910343406
0.1662896869266414,0.3947143976922361,-0.0012854747804553876
0.16570814288653243,0.40367878765373494,-0.0013307571178602549
0.16528910194281904,0.4126431776152339,-0.0013778900013943162
0.1650304657382523,0.42160756757673284,-0.0014270733700538546
0.1150867965738253,0.42260756757673285,-0.00015152398426851972
